username,total_commits,total_additions,total_deletions,total_net_lines,repo_count,avg_additions_per_repo,avg_commits_per_repo,lines_per_commit
awatson1978,3160,16713361,12638787,4074574,5,3342672.0,632.0,1289.4
JohnTimm,752,15025374,10911981,4113393,1,15025374.0,752.0,5469.9
milkshakeuk,106,12874868,6288868,6586000,2,6437434.0,53.0,62132.1
GinoCanessa,388,10542317,1287748,9254569,4,2635579.0,97.0,23852.0
barhodes,100,9471223,7254536,2216687,1,9471223.0,100.0,22166.9
Lorex,64,7729198,4029098,3700100,1,7729198.0,64.0,57814.1
rockyman2,145,6965698,2430466,4535232,1,6965698.0,145.0,31277.5
karlmdavis,1620,3985157,3873523,111634,1,3985157.0,1620.0,68.9
JohannesOehm,160,3447467,419493,3027974,1,3447467.0,160.0,18924.8
imdrt,91,2814722,2696670,118052,2,1407361.0,45.5,1297.3
simonvadee,178,2783926,1919504,864422,2,1391963.0,89.0,4856.3
dib0,71,2233364,2195078,38286,2,1116682.0,35.5,539.2
duaneedwards,234,2100975,488366,1612609,1,2100975.0,234.0,6891.5
pikovach,36,1774934,923494,851440,1,1774934.0,36.0,23651.1
ppazos,1789,1718884,7047777,-5328893,1,1718884.0,1789.0,-2978.7
sameeragunarathne,102,1636058,235925,1400133,4,409014.0,25.5,13726.8
prb112,1770,1473087,636418,836669,1,1473087.0,1770.0,472.7
baeseongsu,19,1442749,150,1442599,1,1442749.0,19.0,75926.3
sliver007,334,1436036,661628,774408,3,478679.0,111.3,2318.6
seanfinan,126,1267338,456423,810915,1,1267338.0,126.0,6435.8
mehak25,78,1192582,1021459,171123,1,1192582.0,78.0,2193.9
dehall,789,1128919,951525,177394,2,564460.0,394.5,224.8
zeevo,68,1104690,972387,132303,2,552345.0,34.0,1945.6
Cicatriiz,29,943496,939310,4186,1,943496.0,29.0,144.3
ygupta89,41,845498,9911,835587,1,845498.0,41.0,20380.2
cmoesel,609,765102,602200,162902,13,58854.0,46.8,267.5
Honghan,1251,743495,48676,694819,1,743495.0,1251.0,555.4
p2,618,728061,579046,149015,5,145612.0,123.6,241.1
AnalogJ,779,718715,476465,242250,2,359358.0,389.5,311.0
regloeb,56,643212,29066,614146,1,643212.0,56.0,10966.9
vmariot,655,604758,630584,-25826,1,604758.0,655.0,-39.4
jmandel,434,544655,339291,205364,13,41897.0,33.4,473.2
alistairewj,1435,541724,466265,75459,5,108345.0,287.0,52.6
Bingjiling,48,528376,30227,498149,2,264188.0,24.0,10378.1
chevalleyc,326,526111,26865,499246,1,526111.0,326.0,1531.4
costateixeira,130,521328,72612,448716,1,521328.0,130.0,3451.7
xinyuejohn,60,519952,46436,473516,1,519952.0,60.0,7891.9
JPercival,258,504482,2020585,-1516103,4,126120.0,64.5,-5876.4
ivanwilliammd,256,496304,382767,113537,2,248152.0,128.0,443.5
dbojicic,358,458409,63709,394700,2,229204.0,179.0,1102.5
srcansiz,1499,415119,368299,46820,1,415119.0,1499.0,31.2
mharthoorn,311,406095,226906,179189,4,101524.0,77.8,576.2
kennethmyhra,887,377350,453580,-76230,2,188675.0,443.5,-85.9
mgunnerud,177,366305,83322,282983,2,183152.0,88.5,1598.8
ellykits,374,362025,2152429,-1790404,2,181012.0,187.0,-4787.2
Montgomeryyyy,31,339411,416693,-77282,1,339411.0,31.0,-2493.0
cyberuna,298,335205,27813,307392,1,335205.0,298.0,1031.5
subigre,355,314934,100788,214146,1,314934.0,355.0,603.2
tznind,68,312994,294630,18364,2,156497.0,34.0,270.1
Jammjammjamm,423,308199,272078,36121,3,102733.0,141.0,85.4
isuruh15,66,298454,246773,51681,3,99485.0,22.0,783.0
gem-cp,159,298197,6013,292184,1,298197.0,159.0,1837.6
ybouilla,754,282109,165436,116673,1,282109.0,754.0,154.7
DASpringate,57,256066,74663,181403,1,256066.0,57.0,3182.5
brynrhodes,248,246704,95378,151326,9,27412.0,27.6,610.2
denniskigen,951,237334,196729,40605,1,237334.0,951.0,42.7
amrit110,392,222009,174361,47648,2,111004.0,196.0,121.6
ThishaniLucas,78,220990,6473,214517,3,73663.0,26.0,2750.2
joamats,68,214445,16873,197572,1,214445.0,68.0,2905.5
MedShake,1868,211680,82441,129239,1,211680.0,1868.0,69.2
mihaitodor,55,195951,16533,179418,1,195951.0,55.0,3262.1
KipSigei,504,195519,99906,95613,1,195519.0,504.0,189.7
rsmayda,128,193426,154921,38505,7,27632.0,18.3,300.8
wsugarman,223,186457,92932,93525,1,186457.0,223.0,419.4
mikaelweave,52,177991,89983,88008,2,88996.0,26.0,1692.5
eedrummer,325,176280,1208354,-1032074,5,35256.0,65.0,-3175.6
srgothi92,31,176196,166885,9311,1,176196.0,31.0,300.4
sarahmish,130,172506,68150,104356,1,172506.0,130.0,802.7
Dtphelan1,242,171719,31465,140254,2,85860.0,121.0,579.6
cyanheads,78,164108,41015,123093,1,164108.0,78.0,1578.1
ManelleG,458,163643,281130,-117487,1,163643.0,458.0,-256.5
shalkam,31,161758,7139,154619,1,161758.0,31.0,4987.7
AAAAAAbaAba,39,160033,119120,40913,1,160033.0,39.0,1049.1
athiththan11,35,157333,2177,155156,1,157333.0,35.0,4433.0
aniskand,380,153783,285434,-131651,1,153783.0,380.0,-346.4
mikix,27,153692,39963,113729,4,38423.0,6.8,4212.2
wyli,1060,151220,68668,82552,1,151220.0,1060.0,77.9
KumoLiu,360,150867,108027,42840,1,150867.0,360.0,119.0
neildsouth,110,148993,91051,57942,1,148993.0,110.0,526.7
matteovivona,107,148354,513,147841,2,74177.0,53.5,1381.7
Rkareko,139,147172,116874,30298,1,147172.0,139.0,218.0
LaRiffle,39,144315,148422,-4107,1,144315.0,39.0,-105.3
Rohan-cod,74,141423,15174,126249,2,70712.0,37.0,1706.1
SvenSommer,57,140614,106625,33989,1,140614.0,57.0,596.3
Jesperpaulsen,180,138256,113812,24444,2,69128.0,90.0,135.8
Nic-Ma,798,135395,47245,88150,1,135395.0,798.0,110.5
tiloc,98,133228,139930,-6702,3,44409.0,32.7,-68.4
rhausam,212,132191,130302,1889,4,33048.0,53.0,8.9
nriss,411,131115,255734,-124619,1,131115.0,411.0,-303.2
noranda,103,130284,111190,19094,1,130284.0,103.0,185.4
aarondglover,10,121592,112937,8655,1,121592.0,10.0,865.5
divyaramnath-13,27,119098,19162,99936,1,119098.0,27.0,3701.3
chocolocked,170,116633,86024,30609,1,116633.0,170.0,180.1
brentmoen,608,115122,92724,22398,2,57561.0,304.0,36.8
sunsetsystems,205,114571,22230,92341,1,114571.0,205.0,450.4
lmd59,42,111537,65413,46124,1,111537.0,42.0,1098.2
wetret,431,111151,137845,-26694,1,111151.0,431.0,-61.9
stefanspiska,308,103658,567868,-464210,2,51829.0,154.0,-1507.2
murnic,9,102738,26049,76689,1,102738.0,9.0,8521.0
mvesin,1709,101904,91296,10608,1,101904.0,1709.0,6.2
mosheraboh,142,97950,31186,66764,1,97950.0,142.0,470.2
reidgarner,272,92103,62074,30029,1,92103.0,272.0,110.4
a-kore,54,88474,87062,1412,1,88474.0,54.0,26.1
ylboerner,84,88343,71770,16573,2,44172.0,42.0,197.3
dustinburson,70,88240,52860,35380,1,88240.0,70.0,505.4
mikkelfo,25,88193,1288,86905,1,88193.0,25.0,3476.2
gem-uhe,461,87924,8810,79114,1,87924.0,461.0,171.6
yhzhu99,683,86153,61835,24318,4,21538.0,170.8,35.6
yunwwang,176,85318,59820,25498,1,85318.0,176.0,144.9
brettmarquard,233,82612,77064,5548,1,82612.0,233.0,23.8
mdnazmulkarim,50,82464,41301,41163,2,41232.0,25.0,823.3
anthonysena,15,81777,25719,56058,1,81777.0,15.0,3737.2
joenarus,34,80078,110732,-30654,1,80078.0,34.0,-901.6
jawalonoski,268,79834,6072,73762,5,15967.0,53.6,275.2
sanaAyrml,588,78262,47682,30580,1,78262.0,588.0,52.0
ajchen,5,75343,8457,66886,1,75343.0,5.0,13377.2
KonradNojman,38,73699,2947,70752,1,73699.0,38.0,1861.9
fdefalco,12,71181,105661,-34480,4,17795.0,3.0,-2873.3
tompollard,407,70626,25785,44841,3,23542.0,135.7,110.2
elsaperelli,45,70066,62098,7968,1,70066.0,45.0,177.1
patrick-werner,299,65743,70583,-4840,3,21914.0,99.7,-16.2
bkaney,20,63366,40770,22596,3,21122.0,6.7,1129.8
ant0nsc,161,62452,48704,13748,2,31226.0,80.5,85.4
S-Romberg,274,58976,66942,-7966,1,58976.0,274.0,-29.1
rvandewater,499,56965,53488,3477,2,28482.0,249.5,7.0
alexszilagyi,122,56227,60648,-4421,1,56227.0,122.0,-36.2
briangow,116,54966,35979,18987,2,27483.0,58.0,163.7
jafeltra,91,52120,26781,25339,5,10424.0,18.2,278.5
drdavec,5,50303,25578,24725,2,25152.0,2.5,4945.0
ctomasz,92,48912,14395,34517,1,48912.0,92.0,375.2
atuonufure,347,45375,52065,-6690,2,22688.0,173.5,-19.3
palmjulia,463,45044,29680,15364,1,45044.0,463.0,33.2
yfyfang,20,45027,8831,36196,1,45027.0,20.0,1809.8
jdjkelly,141,43251,20211,23040,4,10813.0,35.2,163.4
Xiaoyu-SZ,67,42169,86301,-44132,1,42169.0,67.0,-658.7
varung-31,59,40842,11658,29184,1,40842.0,59.0,494.6
fr33z00,465,40708,21324,19384,1,40708.0,465.0,41.7
johngrimes,171,39391,24335,15056,3,13130.0,57.0,88.0
donaldkibet,238,37876,20101,17775,1,37876.0,238.0,74.7
diehlbw,34,37536,19121,18415,1,37536.0,34.0,541.6
GlebMalikov,67,36945,21507,15438,1,36945.0,67.0,230.4
ir4y,137,36845,8099,28746,5,7369.0,27.4,209.8
plynchnlm,266,36800,21456,15344,4,9200.0,66.5,57.7
samson920,283,36016,15466,20550,1,36016.0,283.0,72.6
stanojevic-boris,366,35926,14423,21503,1,35926.0,366.0,58.8
corneliouzbett,125,35638,10548,25090,2,17819.0,62.5,200.7
katy-sadowski,21,35452,20627,14825,1,35452.0,21.0,706.0
edaaydinea,25,34958,8326,26632,1,34958.0,25.0,1065.3
Healthedata1,96,34823,38403,-3580,2,17412.0,48.0,-37.3
RobHolme,217,34287,21444,12843,3,11429.0,72.3,59.2
CaitlinV39,62,33806,15831,17975,1,33806.0,62.0,289.9
sirkyp,175,33665,47166,-13501,1,33665.0,175.0,-77.1
wlad,361,32789,17237,15552,2,16394.0,180.5,43.1
alexmbennett2,388,32577,14621,17956,1,32577.0,388.0,46.3
ZackAustin,12,32094,22346,9748,1,32094.0,12.0,812.3
GwonHyeok,180,31923,8987,22936,1,31923.0,180.0,127.4
omarismail94,8,31749,16372,15377,2,15874.0,4.0,1922.1
t-young31,37,31587,974,30613,1,31587.0,37.0,827.4
kirilklein,55,31000,433798,-402798,1,31000.0,55.0,-7323.6
santosh-pingle,172,30849,9041,21808,1,30849.0,172.0,126.8
rhdolin,152,30720,115704,-84984,2,15360.0,76.0,-559.1
abdullah-git1,34,28738,97,28641,1,28738.0,34.0,842.4
chrisknoll,61,28007,11032,16975,1,28007.0,61.0,278.3
Miking98,119,27769,19213,8556,2,13884.0,59.5,71.9
vvcb,15,26857,22699,4158,1,26857.0,15.0,277.2
apanasiuk-el,114,26391,11578,14813,1,26391.0,114.0,129.9
paperchae,268,25907,18925,6982,1,25907.0,268.0,26.1
markiantorno,1081,25708,16293,9415,4,6427.0,270.2,8.7
mmsmits,210,25696,7916,17780,2,12848.0,105.0,84.7
dek924,6,25607,5,25602,1,25607.0,6.0,4267.0
andrequina,196,25362,4729,20633,3,8454.0,65.3,105.3
juanlopezcode,159,25037,13063,11974,2,12518.0,79.5,75.3
pnrobinson,66,24746,673188,-648442,1,24746.0,66.0,-9824.9
rbrush,90,24697,17100,7597,5,4939.0,18.0,84.4
AndrewBird81,1,24550,21,24529,1,24550.0,1.0,24529.0
dermatologist,75,24299,22387,1912,5,4860.0,15.0,25.5
dmitryashutov,19,23528,23334,194,1,23528.0,19.0,10.2
Sajinsr,146,23354,6168,17186,1,23354.0,146.0,117.7
Hendrejvr,177,23252,27313,-4061,1,23252.0,177.0,-22.9
MoreiraP12,27,23006,2146,20860,1,23006.0,27.0,772.6
carvantes,46,22982,18525,4457,5,4596.0,9.2,96.9
a-chahin,30,22958,12040,10918,1,22958.0,30.0,363.9
niquola,24,22708,19514,3194,9,2523.0,2.7,133.1
Adibvafa,141,22415,22951,-536,1,22415.0,141.0,-3.8
chanskw,147,22216,4147,18069,1,22216.0,147.0,122.9
daemel,23,22180,5733,16447,3,7393.0,7.7,715.1
prohp,91,22033,21850,183,1,22033.0,91.0,2.0
masnick,323,21262,15101,6161,1,21262.0,323.0,19.1
lmillergithub,469,21187,19614,1573,2,10594.0,234.5,3.4
kolkheang,8,21123,223480,-202357,2,10562.0,4.0,-25294.6
tahsinkose,29,20911,4067,16844,1,20911.0,29.0,580.8
ufocoder,111,20504,9569,10935,1,20504.0,111.0,98.5
chiyuan1126,118,20227,478,19749,1,20227.0,118.0,167.4
msfyuksel,112,20034,1829104,-1809070,2,10017.0,56.0,-16152.4
yanchao0222,23,19902,37,19865,1,19902.0,23.0,863.7
duncand,75,19475,14144,5331,1,19475.0,75.0,71.1
healthm-bot,89,18923,49723,-30800,1,18923.0,89.0,-346.1
dtr-agency,59,18278,4611,13667,1,18278.0,59.0,231.6
chrisribe,32,17693,17566,127,1,17693.0,32.0,4.0
jcy1225,65,17646,17411,235,2,8823.0,32.5,3.6
suyashkumar,96,16617,7199,9418,2,8308.0,48.0,98.1
lord,196,16171,3513,12658,1,16171.0,196.0,64.6
tmallia,16,15461,8492,6969,1,15461.0,16.0,435.6
ejc21,45,15314,2294,13020,1,15314.0,45.0,289.3
seanmcilvenna,6,15301,3904,11397,3,5100.0,2.0,1899.5
pu-re,44,14890,2636,12254,1,14890.0,44.0,278.5
v-pbartley,132,14847,8646,6201,3,4949.0,44.0,47.0
rishi-salunkhe-mettle,161,14820,5573,9247,1,14820.0,161.0,57.4
FreeheelGreg,1,14667,0,14667,1,14667.0,1.0,14667.0
narupley,5,14619,49,14570,3,4873.0,1.7,2914.0
afoncubierta,236,14565,5042,9523,1,14565.0,236.0,40.4
SameerDoshi,38,14543,1420,13123,2,7272.0,19.0,345.3
rogordon01,77,14387,5046,9341,1,14387.0,77.0,121.3
mizzioisf,54,14280,12363,1917,1,14280.0,54.0,35.5
mkizesov,103,14163,66203,-52040,1,14163.0,103.0,-505.2
harsha89,129,13732,8999,4733,1,13732.0,129.0,36.7
trostalski,37,13396,12249,1147,1,13396.0,37.0,31.0
Imipenem,156,13377,8228,5149,1,13377.0,156.0,33.0
alex-golts,87,13205,8523,4682,1,13205.0,87.0,53.8
Manhydra,8,12986,4196,8790,1,12986.0,8.0,1098.8
kpshek,188,12828,3445,9383,3,4276.0,62.7,49.9
yahskapar,39,12218,6430,5788,2,6109.0,19.5,148.4
james-answer,361,12200,23659,-11459,1,12200.0,361.0,-31.7
ekdeveloper,48,11594,12273,-679,1,11594.0,48.0,-14.1
cerbs-of-yore,26,11337,4512,6825,1,11337.0,26.0,262.5
joverlee521,185,11163,1575,9588,1,11163.0,185.0,51.8
xliucs,55,10736,5654,5082,2,5368.0,27.5,92.4
aparrot89,114,10580,4149,6431,1,10580.0,114.0,56.4
najy97,74,10403,4237,6166,1,10403.0,74.0,83.3
HowieHsu0126,29,10216,1884,8332,1,10216.0,29.0,287.3
davidmckillop-ADHA,239,9639,8207,1432,1,9639.0,239.0,6.0
Kamesh-T,1,9436,0,9436,1,9436.0,1.0,9436.0
surangak,64,9391,4905,4486,2,4696.0,32.0,70.1
Mhitchins,566,9334,10285,-951,1,9334.0,566.0,-1.7
johnpaulett,171,9059,6963,2096,2,4530.0,85.5,12.3
MaxPhilips,67,8927,4621,4306,1,8927.0,67.0,64.3
grahamegrieve,1596,8808,1472,7336,8,1101.0,199.5,4.6
napiergit,147,8739,3154,5585,1,8739.0,147.0,38.0
ritaranx,12,8719,237,8482,2,4360.0,6.0,706.8
emmanurse,48,8594,9037,-443,1,8594.0,48.0,-9.2
anovikov-el,138,8547,4336,4211,1,8547.0,138.0,30.5
gameltzer,17,8493,6492,2001,1,8493.0,17.0,117.7
senaranya,54,8037,2761,5276,1,8037.0,54.0,97.7
JayYip,110,8009,89991,-81982,1,8009.0,110.0,-745.3
dorlugasigal,7,7896,44,7852,1,7896.0,7.0,1121.7
jash-mettles,111,7810,3292,4518,1,7810.0,111.0,40.7
peterhessey,30,7580,5094,2486,1,7580.0,30.0,82.9
lukaskollmer,16,7521,5116,2405,2,3760.0,8.0,150.3
Snagnar,133,7437,6618,819,1,7437.0,133.0,6.2
rbuisson,67,7432,2312,5120,1,7432.0,67.0,76.4
FBegiello,6,7422,8,7414,1,7422.0,6.0,1235.7
oyisre,33,7220,4328,2892,1,7220.0,33.0,87.6
brandonpollett,11,7133,1473,5660,1,7133.0,11.0,514.5
blengerich,25,7061,1273,5788,1,7061.0,25.0,231.5
akarimisetti,21,6463,3639,2824,1,6463.0,21.0,134.5
iatechicken,18,6044,46,5998,1,6044.0,18.0,333.2
dotasek,191,6026,5217,809,6,1004.0,31.8,4.2
daliboz,3,5988,2,5986,2,2994.0,1.5,1995.3
RamilGaripov,3612,5953,305,5648,2,2976.0,1806.0,1.6
julianxcarter,104,5898,1813,4085,1,5898.0,104.0,39.3
braytonstafford,8,5893,4220,1673,1,5893.0,8.0,209.1
Kai-Bailey,42,5712,2065,3647,1,5712.0,42.0,86.8
benjaminflessner,194,5493,2010,3483,1,5493.0,194.0,18.0
schuemie,24,5465,1801,3664,1,5465.0,24.0,152.7
segfault,126,5454,1710,3744,2,2727.0,63.0,29.7
ash3n,71,5452,294,5158,1,5452.0,71.0,72.6
VarshaDanduri,9,5374,4667,707,1,5374.0,9.0,78.6
lmckenzi,69,5294,33,5261,2,2647.0,34.5,76.2
Evana13G,70,5249,4385,864,1,5249.0,70.0,12.3
hbuitendijk,82,5109,3552,1557,1,5109.0,82.0,19.0
ShaunDonn2,37,5086,1585,3501,1,5086.0,37.0,94.6
draaslan,3,5083,2341,2742,1,5083.0,3.0,914.0
nguyen102,56,4791,932,3859,5,958.0,11.2,68.9
meirgottlieb,22,4778,612,4166,1,4778.0,22.0,189.4
caspears,64,4762,2578,2184,1,4762.0,64.0,34.1
mseckykoebel,32,4694,1598,3096,1,4694.0,32.0,96.8
ibmkendrick,6,4688,2438,2250,1,4688.0,6.0,375.0
AI-Hub-Admin,22,4648,62,4586,1,4648.0,22.0,208.5
KevWatson,20,4573,1505,3068,1,4573.0,20.0,153.4
gregoriocanal,32,4502,3881,621,1,4502.0,32.0,19.4
philipdarke,16,4355,482,3873,1,4355.0,16.0,242.1
TPeschel,43,4306,4110,196,1,4306.0,43.0,4.6
casiodbx,9,4278,2966,1312,1,4278.0,9.0,145.8
joseph-wortmann,11,3960,548,3412,1,3960.0,11.0,310.2
ChengFR,42,3916,6020,-2104,1,3916.0,42.0,-50.1
nirzaf,43,3911,1143,2768,1,3911.0,43.0,64.4
jexica0921,1,3835,3,3832,1,3835.0,1.0,3832.0
florian6973,20,3807,135,3672,1,3807.0,20.0,183.6
luisDIXMIT,43,3796,4481,-685,1,3796.0,43.0,-15.9
starbelly,35,3710,2277,1433,2,1855.0,17.5,40.9
sashrika,58,3610,1297,2313,1,3610.0,58.0,39.9
Siyun96,10,3605,1281,2324,1,3605.0,10.0,232.4
maksym,26,3432,1400,2032,1,3432.0,26.0,78.2
bradsawadye,55,3359,2291,1068,1,3359.0,55.0,19.4
brettesler-ext,171,3316,4813,-1497,1,3316.0,171.0,-8.8
openhands-agent,23,3237,892,2345,1,3237.0,23.0,102.0
jduteau,42,3192,1609,1583,1,3192.0,42.0,37.7
nageshbb,7,3140,459,2681,1,3140.0,7.0,383.0
rublag,16,3070,250,2820,1,3070.0,16.0,176.2
JePrzybilla,12,2906,3423,-517,1,2906.0,12.0,-43.1
PRITHIVSAKTHIUR,18,2878,26,2852,1,2878.0,18.0,158.4
mmcdermott,58,2863,1797,1066,2,1432.0,29.0,18.4
v1xerunt,7,2802,19,2783,4,700.0,1.8,397.6
nkarip,89,2678,841,1837,1,2678.0,89.0,20.6
pliang279,165,2637,1592,1045,1,2637.0,165.0,6.3
mogox,58,2636,2055,581,1,2636.0,58.0,10.0
KaliszS,20,2580,1280,1300,2,1290.0,10.0,65.0
vorspiel-inator,1,2451,59,2392,1,2451.0,1.0,2392.0
ji-youn-kim,14,2449,200,2249,2,1224.0,7.0,160.6
vlad-ignatov,37,2372,6430422,-6428050,5,474.0,7.4,-173731.1
chaitak-gorai,13,2368,749,1619,1,2368.0,13.0,124.5
asiyahmad,96,2268,354,1914,1,2268.0,96.0,19.9
mbaltus,6,2232,1996,236,1,2232.0,6.0,39.3
RupprechJo,31,2205,642,1563,1,2205.0,31.0,50.4
dpodvyaznikov,62,2182,2347,-165,1,2182.0,62.0,-2.7
bgallamoza,14,2177,1720,457,1,2177.0,14.0,32.6
awsbakha,2,2150,9,2141,1,2150.0,2.0,1070.5
EthanSteinberg,54,2124,1459,665,3,708.0,18.0,12.3
arscan,134,2110,824,1286,7,301.0,19.1,9.6
gabbyes,25,2104,420,1684,1,2104.0,25.0,67.4
pradeeban,177,2092,1222,870,1,2092.0,177.0,4.9
hackmd-deploy,38,2036,291,1745,2,1018.0,19.0,45.9
Jasopaum,23,2008,1066,942,2,1004.0,11.5,41.0
jonathanlli,27,2008,1521,487,1,2008.0,27.0,18.0
danka74,71,1859,676,1183,1,1859.0,71.0,16.7
DiCanio,8,1798,205,1593,1,1798.0,8.0,199.1
jakubadamek,25,1779,496,1283,1,1779.0,25.0,51.3
steve1973,6,1753,400,1353,1,1753.0,6.0,225.5
cajetzer,23,1625,734,891,1,1625.0,23.0,38.7
jorritspee,26,1609,563,1046,1,1609.0,26.0,40.2
AdritRao,4,1607,495,1112,1,1607.0,4.0,278.0
vmsuthar56,4,1597,227,1370,1,1597.0,4.0,342.5
Ruhanga,41,1579,233,1346,1,1579.0,41.0,32.8
rajna-fani,9,1569,3228,-1659,1,1569.0,9.0,-184.3
xmlmodeling,3,1557,1305,252,1,1557.0,3.0,84.0
allentiak,24,1535,900,635,1,1535.0,24.0,26.5
shalmalijoshi,1,1511,0,1511,1,1511.0,1.0,1511.0
scotthlee,33,1502,489,1013,1,1502.0,33.0,30.7
brianaltan,12,1475,1251,224,1,1475.0,12.0,18.7
FireJuun,29,1359,535,824,2,680.0,14.5,28.4
MadineniGunavardhan,33,1330,1122,208,1,1330.0,33.0,6.3
VickSuresh,3,1252,28,1224,1,1252.0,3.0,408.0
MatthewVita,10,1241,274,967,1,1241.0,10.0,96.7
semantic-release-bot,99,1236,88,1148,3,412.0,33.0,11.6
bvdh,2,1224,248,976,2,612.0,1.0,488.0
ssvegaraju,16,1207,107,1100,2,604.0,8.0,68.8
natashadsilva,19,1204,992,212,1,1204.0,19.0,11.2
jackzhu727,12,1177,29,1148,1,1177.0,12.0,95.7
DMadrid,2,1158,616,542,1,1158.0,2.0,271.0
Bensoonius,8,1127,57,1070,1,1127.0,8.0,133.8
sssilvar,38,1123,271,852,1,1123.0,38.0,22.4
ejson03,12,1111,100,1011,1,1111.0,12.0,84.2
Shaumik-Ashraf,23,1085,158,927,1,1085.0,23.0,40.3
xjtushilei,26,1072,649,423,1,1072.0,26.0,16.3
roopesh83,14,1061,53,1008,2,530.0,7.0,72.0
baowaly,15,1007,68,939,1,1007.0,15.0,62.6
ablack3,36,930,703,227,1,930.0,36.0,6.3
roman-kh,35,868,581,287,1,868.0,35.0,8.2
aldenbudiman,9,855,555,300,1,855.0,9.0,33.3
ryandecosmo,3,836,827,9,1,836.0,3.0,3.0
gem-uku,94,826,381,445,1,826.0,94.0,4.7
Qyf216,4,821,19,802,1,821.0,4.0,200.5
omarhoblos,27,753,540,213,2,376.0,13.5,7.9
SyaefulKai,32,742,277,465,1,742.0,32.0,14.5
amyschoen,3,730,108,622,1,730.0,3.0,207.3
marcovisserFurore,33,684,567,117,4,171.0,8.2,3.5
Giovannicina,2,676,0,676,1,676.0,2.0,338.0
schwzr,17,666,154,512,1,666.0,17.0,30.1
tomlincr,1,659,0,659,1,659.0,1.0,659.0
mgramigna,1,652,295,357,1,652.0,1.0,357.0
giuseppericcio,8,647,505,142,1,647.0,8.0,17.8
ixaxaar,4,614,149,465,1,614.0,4.0,116.2
MarionBla,6,613,1060,-447,1,613.0,6.0,-74.5
pr0mila,27,581,97,484,3,194.0,9.0,17.9
Luid101,5,560,36,524,1,560.0,5.0,104.8
oaassv,133,555,278,277,1,555.0,133.0,2.1
alexzautke,46,539,366,173,3,180.0,15.3,3.8
walcovanloon,3,519,73,446,1,519.0,3.0,148.7
qingyu-chen,4,517,2,515,1,517.0,4.0,128.8
yudistirasd,20,465,246,219,1,465.0,20.0,11.0
rectalogic,13,457,246,211,2,228.0,6.5,16.2
robertruppnj,11,431,14,417,1,431.0,11.0,37.9
amiralansary,44,426,269,157,1,426.0,44.0,3.6
someyoungideas,1,416,397,19,1,416.0,1.0,19.0
PaulHBartley,67,413,369,44,1,413.0,67.0,0.7
mrrajeshrai,15,408,41,367,1,408.0,15.0,24.5
fhirfly,17,373,171,202,1,373.0,17.0,11.9
temporafugiunt,1,369,37,332,1,369.0,1.0,332.0
dpshelio,27,361,121,240,1,361.0,27.0,8.9
STYAI,7,347,288,59,1,347.0,7.0,8.4
srosenda,8,343,52,291,1,343.0,8.0,36.4
smallsr,15,336,55,281,1,336.0,15.0,18.7
barabo,54,333,167,166,1,333.0,54.0,3.1
dogversioning,7,329,162,167,1,329.0,7.0,23.9
twilson63,2,310,267,43,1,310.0,2.0,21.5
dnstone,18,307,11,296,2,154.0,9.0,16.4
mingze-yuan,26,304,84,220,1,304.0,26.0,8.5
maheshika,3,296,0,296,1,296.0,3.0,98.7
akshayswaminathan,14,281,131,150,1,281.0,14.0,10.7
kk7nc,17,263,42,221,1,263.0,17.0,13.0
microsoftopensource,10,258,1,257,3,86.0,3.3,25.7
taraojo,4,250,26,224,1,250.0,4.0,56.0
mauritzmauritz,2,224,1,223,1,224.0,2.0,111.5
jingtang10,17,220,155,65,3,73.0,5.7,3.8
alisoncallahan,12,218,15,203,1,218.0,12.0,16.9
jay-knight,3,211,61,150,1,211.0,3.0,50.0
NikolaosBouas,8,211,177,34,1,211.0,8.0,4.2
modgeosys,2,209,0,209,1,209.0,2.0,104.5
opiation,10,200,75,125,1,200.0,10.0,12.5
TahaAttari,18,188,53,135,1,188.0,18.0,7.5
kennethleungty,20,181,48,133,1,181.0,20.0,6.6
bwalsh,4,166,13,153,1,166.0,4.0,38.2
erohmensing,6,159,242,-83,1,159.0,6.0,-13.8
prajwal967,1,159,0,159,1,159.0,1.0,159.0
kczpl,3,158,174,-16,2,79.0,1.5,-5.3
SYXieee,1,156,0,156,1,156.0,1.0,156.0
nav-mike,8,152,11,141,1,152.0,8.0,17.6
narges-rzv,2,146,1,145,1,146.0,2.0,72.5
Rosnyni,5,143,131,12,1,143.0,5.0,2.4
obadawi,17,122,32,90,1,122.0,17.0,5.3
daimor,1,112,27,85,1,112.0,1.0,85.0
alextumanov,2,100,9,91,1,100.0,2.0,45.5
robbyoconnor,1,100,92,8,1,100.0,1.0,8.0
maelle,3,99,93,6,1,99.0,3.0,2.0
andrewpatto,10,96,52,44,1,96.0,10.0,4.4
HugoJBello,3,95,94,1,1,95.0,3.0,0.3
amazon-auto,1,95,0,95,1,95.0,1.0,95.0
fil512,866,95,119,-24,2,48.0,433.0,-0.0
jonkelling,1,89,10,79,1,89.0,1.0,79.0
pengbao7598,4,89,85,4,1,89.0,4.0,1.0
c-w,3,88,3,85,1,88.0,3.0,28.3
gowthamrao,16,87,21,66,1,87.0,16.0,4.1
igobypenn,2,86,104,-18,1,86.0,2.0,-9.0
feordin,13,81,81,0,1,81.0,13.0,0.0
Zzocker,7,80,62,18,1,80.0,7.0,2.6
DominikCywinski,8,76,25,51,2,38.0,4.0,6.4
skeemer,2,76,14,62,1,76.0,2.0,31.0
ryanbaldwin,3,73,2,71,1,73.0,3.0,23.7
brylie,11,72,38,34,1,72.0,11.0,3.1
jason-fries,1,66,9,57,3,22.0,0.3,57.0
Cam2337,8,61,28,33,1,61.0,8.0,4.1
echosalik,4,59,26,33,1,59.0,4.0,8.2
kaichop,5,58,32,26,1,58.0,5.0,5.2
360disrupt,5,58,13,45,2,29.0,2.5,9.0
privateOmega,10,52,23,29,1,52.0,10.0,2.9
madforce,6,52,27,25,1,52.0,6.0,4.2
bartmichalak,4,48,1,47,3,16.0,1.3,11.8
zavoraad,10,48,60,-12,1,48.0,10.0,-1.2
sschoop,4,47,33,14,1,47.0,4.0,3.5
ducu,4,44,5,39,1,44.0,4.0,9.8
Arcade0,1,43,0,43,1,43.0,1.0,43.0
microsoft-github-policy-service[bot],1,41,0,41,1,41.0,1.0,41.0
ShahimEssaid,3,40,5,35,1,40.0,3.0,11.7
sloria,6,38,21,17,1,38.0,6.0,2.8
gqjiang,15,33,11,22,2,16.0,7.5,1.5
minigrrl,5,31,3,28,1,31.0,5.0,5.6
kkuroma,6,30,26,4,1,30.0,6.0,0.7
jkingok,17,25,25,0,1,25.0,17.0,0.0
calclavia,3,24,1,23,1,24.0,3.0,7.7
packagr-io[bot],23,23,23,0,2,12.0,11.5,0.0
edent,1,23,0,23,1,23.0,1.0,23.0
dacasals-tw,4,23,17,6,1,23.0,4.0,1.5
drmuskangarg,6,22,4,18,1,22.0,6.0,3.0
jbuchbinder,1,20,1,19,1,20.0,1.0,19.0
jacobMedisoft,1,20,3,17,1,20.0,1.0,17.0
ypoiron,3,20,3,17,1,20.0,3.0,5.7
monicamunnangi,9,19,225,-206,1,19.0,9.0,-22.9
ZhiGroup,4,18,12,6,1,18.0,4.0,1.5
aianwong,1,17,3,14,1,17.0,1.0,14.0
shivangvijay,1,14,0,14,1,14.0,1.0,14.0
richard-mihalovic,1,14,4,10,1,14.0,1.0,10.0
zhenkewu,5,14,7,7,1,14.0,5.0,1.4
ywarnecke,1,13,0,13,1,13.0,1.0,13.0
pohlposition,1,12,0,12,1,12.0,1.0,12.0
soup-in-boots,3,12,4,8,1,12.0,3.0,2.7
JeffreyTaylor,2,12,11,1,2,6.0,1.0,0.5
Yuanhy1997,1,12,0,12,1,12.0,1.0,12.0
o0windseed0o,2,12,10,2,1,12.0,2.0,1.0
palfrey,7,12,6,6,1,12.0,7.0,0.9
bar-vim,1,11,11,0,1,11.0,1.0,0.0
t3chn0m4g3,1,10,10,0,1,10.0,1.0,0.0
itp-atakan,1,9,4,5,1,9.0,1.0,5.0
instaireland,1,8,3,5,1,8.0,1.0,5.0
dmuylwyk,5,8,3,5,1,8.0,5.0,1.0
leej35,2,8,0,8,1,8.0,2.0,4.0
jiho283,2,7,7,0,1,7.0,2.0,0.0
robsdavis,2,7,1,6,1,7.0,2.0,3.0
zilliw,1,7,8,-1,1,7.0,1.0,-1.0
LucasDuval,2,7,0,7,1,7.0,2.0,3.5
namalu,4,6,6,0,2,3.0,2.0,0.0
ssayer,2,6,1,5,1,6.0,2.0,2.5
kaushikacharya,2,6,6,0,1,6.0,2.0,0.0
snowke,2,6,2,4,1,6.0,2.0,2.0
evank23,2,6,0,6,1,6.0,2.0,3.0
au2,3,5,9,-4,1,5.0,3.0,-1.3
vinhnguyen3455,1,5,4,1,1,5.0,1.0,1.0
Dev-MerB,3,5,3,2,1,5.0,3.0,0.7
fiendish,1,5,0,5,1,5.0,1.0,5.0
tnaumann,3,5,5,0,1,5.0,3.0,0.0
matthewchung74,1,5,0,5,1,5.0,1.0,5.0
jamesburton,1,4,4,0,1,4.0,1.0,0.0
willseward,1,4,2,2,1,4.0,1.0,2.0
wtroddy,1,3,3,0,1,3.0,1.0,0.0
bnurzhanov,1,3,6,-3,1,3.0,1.0,-3.0
starmpcc,1,3,1,2,1,3.0,1.0,2.0
imatiach-msft,1,3,0,3,1,3.0,1.0,3.0
evberrypi,2,3,3,0,1,3.0,2.0,0.0
unixoid,1,2,2,0,2,1.0,0.5,0.0
paulaWesselmann,3,2,2,0,1,2.0,3.0,0.0
elh,2,2,2,0,1,2.0,2.0,0.0
greenkeeper[bot],2,2,2,0,1,2.0,2.0,0.0
jorinvo,1,2,2,0,1,2.0,1.0,0.0
platzhersh,1,2,1,1,1,2.0,1.0,1.0
zp9763,2,2,2,0,1,2.0,2.0,0.0
smals-jy,2,2,8,-6,1,2.0,2.0,-3.0
ci-cd-fhir-user,1,2,0,2,1,2.0,1.0,2.0
psobusiak,1,2,2,0,1,2.0,1.0,0.0
Ale9806,2,2,2,0,1,2.0,2.0,0.0
LinglongQian,1,1,1,0,1,1.0,1.0,0.0
Aditya-9716,1,1,0,1,1,1.0,1.0,1.0
anupama-pathirage,1,1,1,0,1,1.0,1.0,0.0
ShaunDonn,1,1,1,0,1,1.0,1.0,0.0
ishaanxgupta,1,1,1,0,1,1.0,1.0,0.0
lowks,1,1,0,1,1,1.0,1.0,1.0
eltociear,1,1,1,0,1,1.0,1.0,0.0
vorband,1,1,1,0,1,1.0,1.0,0.0
FMCalisto,1,1,0,1,1,1.0,1.0,1.0
H3RSKO,1,1,1,0,1,1.0,1.0,0.0
graffam,1,1,1,0,1,1.0,1.0,0.0
JoeDRowan,1,1,1,0,2,0.0,0.5,0.0
androdat,1,1,1,0,1,1.0,1.0,0.0
goelalex,1,1,1,0,1,1.0,1.0,0.0
Zethson,1,1,1,0,2,0.0,0.5,0.0
garethbowen,1,1,0,1,1,1.0,1.0,1.0
piyushchauhan,1,1,1,0,1,1.0,1.0,0.0
wshi83,0,0,0,0,2,0.0,0.0,
wmrutten,0,0,0,0,2,0.0,0.0,
wombleton,0,0,0,0,1,0.0,0.0,
plisitza,0,0,0,0,1,0.0,0.0,
moria97,0,0,0,0,1,0.0,0.0,
robeastwood-agency,0,0,0,0,1,0.0,0.0,
monk1337,0,0,0,0,1,0.0,0.0,
rcrichton,0,0,0,0,1,0.0,0.0,
wooheaven,0,0,0,0,1,0.0,0.0,
rczern,0,0,0,0,1,0.0,0.0,
rafiattrach,0,0,0,0,1,0.0,0.0,
rkettelerij,0,0,0,0,1,0.0,0.0,
wluyima,1521,0,0,0,1,0.0,1521.0,0.0
sonjoonho,0,0,0,0,1,0.0,0.0,
mmfazrin-phcc-gov,0,0,0,0,1,0.0,0.0,
pviotti,0,0,0,0,1,0.0,0.0,
x-aaron-moore,0,0,0,0,1,0.0,0.0,
sfanxiang,0,0,0,0,1,0.0,0.0,
xj2193,0,0,0,0,1,0.0,0.0,
xpander53,0,0,0,0,1,0.0,0.0,
seonhee99,0,0,0,0,1,0.0,0.0,
mocsharp,0,0,0,0,3,0.0,0.0,
singhashish024,0,0,0,0,1,0.0,0.0,
shamil-t,0,0,0,0,1,0.0,0.0,
ruchamahabal,0,0,0,0,1,0.0,0.0,
pkarw,0,0,0,0,1,0.0,0.0,
waltaskew,0,0,0,0,1,0.0,0.0,
shengpu-tang,0,0,0,0,1,0.0,0.0,
mwithi,0,0,0,0,1,0.0,0.0,
wamorn,0,0,0,0,1,0.0,0.0,
rimiti,0,0,0,0,1,0.0,0.0,
wanghaisheng,0,0,0,0,1,0.0,0.0,
wangmengsd,0,0,0,0,1,0.0,0.0,
spilikin,0,0,0,0,1,0.0,0.0,
wangziyu99,0,0,0,0,1,0.0,0.0,
wardle,0,0,0,0,1,0.0,0.0,
mujiyantosvc,0,0,0,0,1,0.0,0.0,
weimin17,0,0,0,0,1,0.0,0.0,
robi56,0,0,0,0,1,0.0,0.0,
whaleloops,0,0,0,0,1,0.0,0.0,
muarachmann,0,0,0,0,1,0.0,0.0,
msvasavada,0,0,0,0,1,0.0,0.0,
wi-y,0,0,0,0,1,0.0,0.0,
sowu880,0,0,0,0,2,0.0,0.0,
mlapshin,0,0,0,0,1,0.0,0.0,
mjosborne1,0,0,0,0,1,0.0,0.0,
myoung34,0,0,0,0,1,0.0,0.0,
sjpadgett,705,0,0,0,1,0.0,705.0,0.0
ruscoder,0,0,0,0,3,0.0,0.0,
zhizhid,0,0,0,0,1,0.0,0.0,
slaverman,0,0,0,0,1,0.0,0.0,
zhywan,0,0,0,0,1,0.0,0.0,
mechanik-daniel,0,0,0,0,1,0.0,0.0,
renovate[bot],0,0,0,0,3,0.0,0.0,
mchaabaoui,0,0,0,0,1,0.0,0.0,
renoschubert,0,0,0,0,2,0.0,0.0,
rkorytkowski,954,0,0,0,2,0.0,477.0,0.0
znatty22,0,0,0,0,1,0.0,0.0,
yy6linda,0,0,0,0,1,0.0,0.0,
mbot-dev,0,0,0,0,1,0.0,0.0,
zoedalley,0,0,0,0,1,0.0,0.0,
ruoyu-chen,0,0,0,0,1,0.0,0.0,
mberryman,0,0,0,0,1,0.0,0.0,
mberlin-arcweb,0,0,0,0,1,0.0,0.0,
saquino0827,0,0,0,0,1,0.0,0.0,
zplata,0,0,0,0,1,0.0,0.0,
pre-commit-ci[bot],0,0,0,0,2,0.0,0.0,
mbellehumeur,0,0,0,0,1,0.0,0.0,
sarah-tuva,0,0,0,0,1,0.0,0.0,
sasurfer,0,0,0,0,1,0.0,0.0,
mjhenkes,0,0,0,0,1,0.0,0.0,
yeweidaniel,0,0,0,0,1,0.0,0.0,
yashverma9,0,0,0,0,1,0.0,0.0,
pushpak-pati,0,0,0,0,1,0.0,0.0,
mitread,0,0,0,0,1,0.0,0.0,
mithun008,0,0,0,0,2,0.0,0.0,
mintusah25,0,0,0,0,1,0.0,0.0,
mint-thompson,0,0,0,0,3,0.0,0.0,
sczzz3,0,0,0,0,1,0.0,0.0,
ycq091044,0,0,0,0,2,0.0,0.0,
yehezkel,0,0,0,0,1,0.0,0.0,
yfpeng,0,0,0,0,1,0.0,0.0,
rukshn,0,0,0,0,1,0.0,0.0,
rettema,0,0,0,0,1,0.0,0.0,
mik-ohdsi,0,0,0,0,1,0.0,0.0,
yigit,0,0,0,0,1,0.0,0.0,
rdingwell,0,0,0,0,1,0.0,0.0,
yubinmimi,0,0,0,0,1,0.0,0.0,
scottfleming,0,0,0,0,1,0.0,0.0,
yulupan00,0,0,0,0,1,0.0,0.0,
yuriy-sedinkin,0,0,0,0,1,0.0,0.0,
saulakravitz,0,0,0,0,2,0.0,0.0,
mxhm,0,0,0,0,1,0.0,0.0,
myungchoi,0,0,0,0,1,0.0,0.0,
w-is-h,0,0,0,0,2,0.0,0.0,
thomiz,0,0,0,0,1,0.0,0.0,
oliveregger,0,0,0,0,1,0.0,0.0,
ohr,0,0,0,0,2,0.0,0.0,
rbren,0,0,0,0,1,0.0,0.0,
ocrickard,0,0,0,0,1,0.0,0.0,
tadgh,1100,0,0,0,1,0.0,1100.0,0.0
rlindstrm,0,0,0,0,1,0.0,0.0,
parisni,0,0,0,0,1,0.0,0.0,
rpolyano,0,0,0,0,1,0.0,0.0,
teryhill,0,0,0,0,1,0.0,0.0,
pat-jj,0,0,0,0,1,0.0,0.0,
vsocrates,0,0,0,0,1,0.0,0.0,
sinaci,0,0,0,0,1,0.0,0.0,
thutuva,0,0,0,0,1,0.0,0.0,
nwhatt,0,0,0,0,1,0.0,0.0,
tim1ford,0,0,0,0,1,0.0,0.0,
rosap,0,0,0,0,1,0.0,0.0,
timgetz,0,0,0,0,1,0.0,0.0,
radamson,0,0,0,0,2,0.0,0.0,
nishanthpp93,0,0,0,0,1,0.0,0.0,
rolandgroen,0,0,0,0,1,0.0,0.0,
sinanshi,0,0,0,0,1,0.0,0.0,
onejune2018,0,0,0,0,1,0.0,0.0,
ongrid,0,0,0,0,1,0.0,0.0,
szaccagni,0,0,0,0,1,0.0,0.0,
raheelsayeed,0,0,0,0,1,0.0,0.0,
rgeimer,0,0,0,0,1,0.0,0.0,
stephenwaite,695,0,0,0,1,0.0,695.0,0.0
suhana13,0,0,0,0,1,0.0,0.0,
sundberg,0,0,0,0,1,0.0,0.0,
rahul-imaging,0,0,0,0,2,0.0,0.0,
papyJuju,0,0,0,0,1,0.0,0.0,
suwarnoong,0,0,0,0,1,0.0,0.0,
pabramowitsch,0,0,0,0,1,0.0,0.0,
p2-apple,0,0,0,0,1,0.0,0.0,
svittoz,0,0,0,0,1,0.0,0.0,
svituz,0,0,0,0,1,0.0,0.0,
rthapa84,0,0,0,0,1,0.0,0.0,
p12dpraneeth,0,0,0,0,1,0.0,0.0,
p-hoffmann,0,0,0,0,1,0.0,0.0,
synroborgan,0,0,0,0,1,0.0,0.0,
rserur,0,0,0,0,1,0.0,0.0,
opensource-emr,0,0,0,0,1,0.0,0.0,
openmrs-bot,0,0,0,0,1,0.0,0.0,
sajaddarabi,0,0,0,0,1,0.0,0.0,
tmolumby,0,0,0,0,1,0.0,0.0,
nirmal070125,0,0,0,0,1,0.0,0.0,
velramiir,0,0,0,0,1,0.0,0.0,
necipfazil,0,0,0,0,1,0.0,0.0,
ndegwamartin,0,0,0,0,1,0.0,0.0,
phosseini,0,0,0,0,1,0.0,0.0,
nazrulworld,0,0,0,0,3,0.0,0.0,
shihjay2,0,0,0,0,1,0.0,0.0,
vikas15bhardwaj,0,0,0,0,1,0.0,0.0,
qingyu-qc,0,0,0,0,1,0.0,0.0,
natalieharris,0,0,0,0,1,0.0,0.0,
vipinsanthosh,0,0,0,0,1,0.0,0.0,
spiros,0,0,0,0,2,0.0,0.0,
piotrszul,0,0,0,0,2,0.0,0.0,
vishnuravi,0,0,0,0,2,0.0,0.0,
vmueller-vg,0,0,0,0,1,0.0,0.0,
pjirsa,0,0,0,0,2,0.0,0.0,
pjs990301,0,0,0,0,1,0.0,0.0,
riksmithies,1228,0,0,0,1,0.0,1228.0,0.0
nahidalam,0,0,0,0,1,0.0,0.0,
nagyo,1076,0,0,0,1,0.0,1076.0,0.0
vselvarajijay,0,0,0,0,1,0.0,0.0,
vesnushka,0,0,0,0,1,0.0,0.0,
stav09,0,0,0,0,1,0.0,0.0,
pbhallam,0,0,0,0,1,0.0,0.0,
rhondaschwartz,0,0,0,0,1,0.0,0.0,
tomolopolis,0,0,0,0,1,0.0,0.0,
tp1uphealth,0,0,0,0,1,0.0,0.0,
rockphotog,0,0,0,0,1,0.0,0.0,
qqndrew,0,0,0,0,1,0.0,0.0,
tripott,0,0,0,0,1,0.0,0.0,
nikit0ns,0,0,0,0,1,0.0,0.0,
tsibley,0,0,0,0,1,0.0,0.0,
umar-gh,0,0,0,0,1,0.0,0.0,
night-chen,0,0,0,0,1,0.0,0.0,
rfinz,0,0,0,0,1,0.0,0.0,
nickgeorge,0,0,0,0,2,0.0,0.0,
nhunguet,0,0,0,0,1,0.0,0.0,
peterMuriuki,0,0,0,0,1,0.0,0.0,
ngfreiter,0,0,0,0,1,0.0,0.0,
nextcloud-bot,0,0,0,0,1,0.0,0.0,
vadi2,0,0,0,0,3,0.0,0.0,
nels,0,0,0,0,1,0.0,0.0,
siddythings,0,0,0,0,1,0.0,0.0,
vela1606,0,0,0,0,1,0.0,0.0,
007sunny,0,0,0,0,1,0.0,0.0,
hossenlopp,0,0,0,0,2,0.0,0.0,
mattwiller,0,0,0,0,1,0.0,0.0,
akurungadam,0,0,0,0,1,0.0,0.0,
YaroslavTir,0,0,0,0,1,0.0,0.0,
aaronnash,0,0,0,0,1,0.0,0.0,
abgeorge7,0,0,0,0,1,0.0,0.0,
aboufahj,0,0,0,0,1,0.0,0.0,
actions-user,0,0,0,0,1,0.0,0.0,
acumarav,0,0,0,0,1,0.0,0.0,
adamkells,0,0,0,0,1,0.0,0.0,
akanduru,0,0,0,0,1,0.0,0.0,
akiani,0,0,0,0,1,0.0,0.0,
albariera,0,0,0,0,1,0.0,0.0,
Vortex-21,0,0,0,0,1,0.0,0.0,
alecdorenkamp,0,0,0,0,1,0.0,0.0,
alexanderkiel,0,0,0,0,3,0.0,0.0,
alexanderkuvaev,0,0,0,0,1,0.0,0.0,
alexey-tschudnowsky,0,0,0,0,1,0.0,0.0,
alexisc0le,0,0,0,0,1,0.0,0.0,
alexisthual,0,0,0,0,1,0.0,0.0,
alexlaurinmath,0,0,0,0,1,0.0,0.0,
alexluft,0,0,0,0,1,0.0,0.0,
alexmorley,0,0,0,0,1,0.0,0.0,
Windman,0,0,0,0,1,0.0,0.0,
VladMstv,0,0,0,0,1,0.0,0.0,
amarvakul,0,0,0,0,1,0.0,0.0,
Shruthi42,0,0,0,0,1,0.0,0.0,
SagiPolaczek,0,0,0,0,1,0.0,0.0,
Sanjana-Attanayake,0,0,0,0,1,0.0,0.0,
Santosh-Gupta,0,0,0,0,1,0.0,0.0,
SaravananSubramanian,0,0,0,0,1,0.0,0.0,
SaulLu,0,0,0,0,1,0.0,0.0,
SaxxonPike,0,0,0,0,1,0.0,0.0,
Semalexa,0,0,0,0,1,0.0,0.0,
SevKohler,0,0,0,0,1,0.0,0.0,
ShahadThobaiti,0,0,0,0,1,0.0,0.0,
SpicyYeol,0,0,0,0,1,0.0,0.0,
Vincent-Maladiere,0,0,0,0,1,0.0,0.0,
StephThaoOng,0,0,0,0,1,0.0,0.0,
THU-CS-PI,1,0,0,0,1,0.0,1.0,0.0
ThatOneBro,0,0,0,0,1,0.0,0.0,
Thomzoy,0,0,0,0,1,0.0,0.0,
Thopap,0,0,0,0,1,0.0,0.0,
TornadoAzul,0,0,0,0,1,0.0,0.0,
Tshimanga,0,0,0,0,1,0.0,0.0,
USM-CHU-FGuyon,0,0,0,0,1,0.0,0.0,
VimukthiRajapaksha,0,0,0,0,1,0.0,0.0,
alimoezzi,0,0,0,0,1,0.0,0.0,
amedrp,0,0,0,0,1,0.0,0.0,
RyanWangZf,0,0,0,0,1,0.0,0.0,
carmrui,0,0,0,0,1,0.0,0.0,
bramwesselo,0,0,0,0,1,0.0,0.0,
brandantck,0,0,0,0,1,0.0,0.0,
brendankowitz,0,0,0,0,1,0.0,0.0,
brianpos,0,0,0,0,3,0.0,0.0,
bryanhunter,0,0,0,0,1,0.0,0.0,
brynlewis,0,0,0,0,1,0.0,0.0,
bstewartlg,0,0,0,0,1,0.0,0.0,
callahantiff,0,0,0,0,1,0.0,0.0,
canon-cmi-jonathan-whitby,0,0,0,0,1,0.0,0.0,
cary-apple,0,0,0,0,1,0.0,0.0,
bradhead,0,0,0,0,1,0.0,0.0,
chMatvey,0,0,0,0,1,0.0,0.0,
chandrashekar-s,0,0,0,0,1,0.0,0.0,
chanshing,0,0,0,0,1,0.0,0.0,
chaseastewart,0,0,0,0,1,0.0,0.0,
chdinh,2682,0,0,0,1,0.0,2682.0,0.0
chenxran,0,0,0,0,1,0.0,0.0,
chrisby,0,0,0,0,1,0.0,0.0,
christieewen,0,0,0,0,1,0.0,0.0,
clairblacketer,0,0,0,0,4,0.0,0.0,
bradymiller,3249,0,0,0,2,0.0,1624.5,0.0
bhinebaugh,0,0,0,0,1,0.0,0.0,
amol-vyas,0,0,0,0,1,0.0,0.0,
atsvetkova-ody,0,0,0,0,1,0.0,0.0,
andreakreichgauer,0,0,0,0,1,0.0,0.0,
angeloziletti,0,0,0,0,1,0.0,0.0,
angusmillar,0,0,0,0,2,0.0,0.0,
ansh-srivastava,0,0,0,0,1,0.0,0.0,
apeteri,2961,0,0,0,1,0.0,2961.0,0.0
arianamihailescu,0,0,0,0,1,0.0,0.0,
ashfahan,0,0,0,0,1,0.0,0.0,
ashwinkumargb,0,0,0,0,1,0.0,0.0,
asulis,0,0,0,0,1,0.0,0.0,
aychtang,0,0,0,0,1,0.0,0.0,
bentoo42,0,0,0,0,1,0.0,0.0,
ayselafsar,0,0,0,0,1,0.0,0.0,
badmonster0,0,0,0,0,1,0.0,0.0,
baiju-grh,0,0,0,0,1,0.0,0.0,
baseTwo,0,0,0,0,1,0.0,0.0,
bashir2,0,0,0,0,2,0.0,0.0,
bauer-andreas,0,0,0,0,2,0.0,0.0,
bcebere,0,0,0,0,2,0.0,0.0,
bdrillard,0,0,0,0,1,0.0,0.0,
benknoll-umn,0,0,0,0,1,0.0,0.0,
SCdF,0,0,0,0,1,0.0,0.0,
Robert-W,0,0,0,0,1,0.0,0.0,
marsante,0,0,0,0,1,0.0,0.0,
EPedrotti,0,0,0,0,1,0.0,0.0,
Chinlinlee,0,0,0,0,1,0.0,0.0,
Copilot,0,0,0,0,3,0.0,0.0,
CragVFX,0,0,0,0,1,0.0,0.0,
DannyBoyNg,0,0,0,0,1,0.0,0.0,
DarkMarmot,0,0,0,0,2,0.0,0.0,
DaveraGabriel,0,0,0,0,1,0.0,0.0,
Dokotela,0,0,0,0,2,0.0,0.0,
DrShushen,0,0,0,0,1,0.0,0.0,
Dunmail,0,0,0,0,1,0.0,0.0,
ESouza,0,0,0,0,1,0.0,0.0,
Bugs5382,0,0,0,0,2,0.0,0.0,
EdiNation,0,0,0,0,1,0.0,0.0,
EricMaeker,7607,0,0,0,1,0.0,7607.0,0.0
EricOnFHIR,0,0,0,0,1,0.0,0.0,
EricParapini-Lantanagroup,0,0,0,0,1,0.0,0.0,
EternityYW,0,0,0,0,1,0.0,0.0,
F1mc,0,0,0,0,1,0.0,0.0,
FabioBo,0,0,0,0,1,0.0,0.0,
Fieldry,0,0,0,0,1,0.0,0.0,
FlixCoder,0,0,0,0,1,0.0,0.0,
ChaoPang,0,0,0,0,2,0.0,0.0,
Bikash-bluebash,0,0,0,0,1,0.0,0.0,
GeirLoken,0,0,0,0,2,0.0,0.0,
AlyssaWang,0,0,0,0,1,0.0,0.0,
360dgries,0,0,0,0,2,0.0,0.0,
5HT,0,0,0,0,1,0.0,0.0,
818000,0,0,0,0,1,0.0,0.0,
ABDA-FHIR,0,0,0,0,1,0.0,0.0,
AD1306,0,0,0,0,1,0.0,0.0,
Ahryman40k,0,0,0,0,1,0.0,0.0,
AlexJSully,0,0,0,0,1,0.0,0.0,
AlexSWong,0,0,0,0,1,0.0,0.0,
AlexanderDesmond,0,0,0,0,1,0.0,0.0,
Anders35,0,0,0,0,1,0.0,0.0,
Biao,0,0,0,0,1,0.0,0.0,
AndyBowes,0,0,0,0,1,0.0,0.0,
AnjanaSenanayake,0,0,0,0,1,0.0,0.0,
AnthonyMolinaro,0,0,0,0,2,0.0,0.0,
ApricotLace,0,0,0,0,1,0.0,0.0,
Arashhs,0,0,0,0,1,0.0,0.0,
Artessay,0,0,0,0,1,0.0,0.0,
AyedSamy,0,0,0,0,1,0.0,0.0,
BLooDBRothER,0,0,0,0,1,0.0,0.0,
BenGlicksberg,0,0,0,0,1,0.0,0.0,
GanjinZero,0,0,0,0,1,0.0,0.0,
Gematik-Entwicklung,0,0,0,0,1,0.0,0.0,
Rhuax,0,0,0,0,1,0.0,0.0,
McJackTang,0,0,0,0,1,0.0,0.0,
LuChang-CS,0,0,0,0,1,0.0,0.0,
LucasMontorio,0,0,0,0,1,0.0,0.0,
MARYAMMEHDIZ,0,0,0,0,1,0.0,0.0,
MMelQin,0,0,0,0,1,0.0,0.0,
Macleykun,0,0,0,0,1,0.0,0.0,
MahmoodEtedadi,0,0,0,0,1,0.0,0.0,
MariaDolotova,0,0,0,0,1,0.0,0.0,
MasudaNaika,0,0,0,0,1,0.0,0.0,
MauriceReeves-usds,905,0,0,0,1,0.0,905.0,0.0
Mehdi-BOUYAHIA,0,0,0,0,1,0.0,0.0,
LorenzE,3903,0,0,0,1,0.0,3903.0,0.0
MelaniePhilofsky,0,0,0,0,1,0.0,0.0,
MenkaChaugule,0,0,0,0,1,0.0,0.0,
MiguelAFH,0,0,0,0,1,0.0,0.0,
MikeRileyGTRI,0,0,0,0,1,0.0,0.0,
MohsinRazaKhanSipra,0,0,0,0,1,0.0,0.0,
Orta21,2521,0,0,0,1,0.0,2521.0,0.0
PSchmiedmayer,0,0,0,0,4,0.0,0.0,
QuanWanxx,0,0,0,0,1,0.0,0.0,
Refactoring,0,0,0,0,1,0.0,0.0,
LorexYang,0,0,0,0,1,0.0,0.0,
Level60Warlock,0,0,0,0,1,0.0,0.0,
Goku1110,0,0,0,0,1,0.0,0.0,
JensVercruysse,0,0,0,0,1,0.0,0.0,
HealthInnovators,0,0,0,0,1,0.0,0.0,
HendrikSchmidt,0,0,0,0,1,0.0,0.0,
IgniteEndpointsBot,0,0,0,0,1,0.0,0.0,
IoBT-VISTEC,0,0,0,0,1,0.0,0.0,
J3lly-sec,0,0,0,0,1,0.0,0.0,
James-R-Jones,0,0,0,0,1,0.0,0.0,
JannisStraus,0,0,0,0,1,0.0,0.0,
JayMurdoch,0,0,0,0,1,0.0,0.0,
JclnJ,0,0,0,0,1,0.0,0.0,
JoeBatt1989,0,0,0,0,1,0.0,0.0,
LaMMMy,0,0,0,0,1,0.0,0.0,
JohnMoehrke,0,0,0,0,1,0.0,0.0,
Johnsd11,0,0,0,0,1,0.0,0.0,
KadenMc,0,0,0,0,1,0.0,0.0,
KaiHe-better,0,0,0,0,1,0.0,0.0,
Kaleidophon,0,0,0,0,1,0.0,0.0,
KevinMayfield,0,0,0,0,1,0.0,0.0,
LMeijerink,0,0,0,0,1,0.0,0.0,
LTA-Thinking,0,0,0,0,1,0.0,0.0,
LaErre9,0,0,0,0,1,0.0,0.0,
cloud-sean,0,0,0,0,1,0.0,0.0,
clydet,0,0,0,0,1,0.0,0.0,
cmark,9037,0,0,0,1,0.0,9037.0,0.0
jenniferjiangkells,0,0,0,0,1,0.0,0.0,
jas88,0,0,0,0,2,0.0,0.0,
jason-crowley,0,0,0,0,1,0.0,0.0,
jcomellas,0,0,0,0,1,0.0,0.0,
jddamore,0,0,0,0,2,0.0,0.0,
jdisho,0,0,0,0,1,0.0,0.0,
jdlnolen,1062,0,0,0,1,0.0,1062.0,0.0
jdsalaro,0,0,0,0,1,0.0,0.0,
jeffy-grh,0,0,0,0,1,0.0,0.0,
jen-p,0,0,0,0,1,0.0,0.0,
jeromecc,623,0,0,0,1,0.0,623.0,0.0
jamesmullenbach,0,0,0,0,1,0.0,0.0,
jewelltaylor,0,0,0,0,1,0.0,0.0,
jfattic,0,0,0,0,1,0.0,0.0,
jingsliu,0,0,0,0,1,0.0,0.0,
jjgriff93,0,0,0,0,1,0.0,0.0,
jkiddo,0,0,0,0,1,0.0,0.0,
jlspencer8,0,0,0,0,1,0.0,0.0,
jmb1993001,0,0,0,0,1,0.0,0.0,
jobucher,0,0,0,0,1,0.0,0.0,
joelsathi,0,0,0,0,1,0.0,0.0,
jarimayenburg,0,0,0,0,1,0.0,0.0,
jamesiri,0,0,0,0,1,0.0,0.0,
jonterrylee,0,0,0,0,2,0.0,0.0,
instameddevelopment,0,0,0,0,1,0.0,0.0,
howardchanth,0,0,0,0,1,0.0,0.0,
hsolbrig,0,0,0,0,1,0.0,0.0,
hungnlp,0,0,0,0,1,0.0,0.0,
hurcy,0,0,0,0,1,0.0,0.0,
i-am-dan,0,0,0,0,1,0.0,0.0,
iamarunbrahma,0,0,0,0,1,0.0,0.0,
ibacher,0,0,0,0,1,0.0,0.0,
imbenham,0,0,0,0,1,0.0,0.0,
imranq2,0,0,0,0,1,0.0,0.0,
irisdp-guest-access,0,0,0,0,1,0.0,0.0,
jameschump,0,0,0,0,1,0.0,0.0,
ironbridgecorp,0,0,0,0,1,0.0,0.0,
isaacmg,0,0,0,0,1,0.0,0.0,
isaacvetter,0,0,0,0,3,0.0,0.0,
ismael-sarmento-jr,0,0,0,0,1,0.0,0.0,
itsLeonB,0,0,0,0,1,0.0,0.0,
ivaano,178,0,0,0,1,0.0,178.0,0.0
j4jayant,0,0,0,0,1,0.0,0.0,
jaime-olivares,0,0,0,0,1,0.0,0.0,
jamesagnew,5631,0,0,0,5,0.0,1126.2,0.0
joiskash,0,0,0,0,1,0.0,0.0,
jordan83,0,0,0,0,1,0.0,0.0,
cmiles74,0,0,0,0,1,0.0,0.0,
louisblankemeier,0,0,0,0,1,0.0,0.0,
lhs-open,0,0,0,0,1,0.0,0.0,
lisayin,0,0,0,0,1,0.0,0.0,
liuqidong07,0,0,0,0,1,0.0,0.0,
liux3138,0,0,0,0,1,0.0,0.0,
lizozom,0,0,0,0,1,0.0,0.0,
llSourcell,0,0,0,0,1,0.0,0.0,
llob,0,0,0,0,1,0.0,0.0,
lmsurpre,0,0,0,0,2,0.0,0.0,
loafoe,0,0,0,0,2,0.0,0.0,
lrasmy,0,0,0,0,2,0.0,0.0,
levinalex-samedi,0,0,0,0,1,0.0,0.0,
lschmierer,0,0,0,0,1,0.0,0.0,
luan-dev,0,0,0,0,1,0.0,0.0,
lucalianas,0,0,0,0,1,0.0,0.0,
luckypig3400,0,0,0,0,1,0.0,0.0,
lvwerra,0,0,0,0,1,0.0,0.0,
lvyiwei1,0,0,0,0,1,0.0,0.0,
m-toufeeq,0,0,0,0,1,0.0,0.0,
mandorzqy,0,0,0,0,1,0.0,0.0,
markkramerus,0,0,0,0,1,0.0,0.0,
lhcye,0,0,0,0,2,0.0,0.0,
lemuria-wchen,0,0,0,0,1,0.0,0.0,
joshcds,0,0,0,0,1,0.0,0.0,
kelkalot,0,0,0,0,1,0.0,0.0,
julienblin,0,0,0,0,1,0.0,0.0,
jwyrwa,0,0,0,0,1,0.0,0.0,
jy95,0,0,0,0,1,0.0,0.0,
jyx-su,0,0,0,0,1,0.0,0.0,
kachok,0,0,0,0,2,0.0,0.0,
kairstenfay,0,0,0,0,1,0.0,0.0,
kcadette,0,0,0,0,1,0.0,0.0,
keithboone,0,0,0,0,1,0.0,0.0,
keizer619,0,0,0,0,1,0.0,0.0,
kenza-bouzid,0,0,0,0,1,0.0,0.0,
leite08,4393,0,0,0,1,0.0,4393.0,0.0
kfrancis,0,0,0,0,1,0.0,0.0,
kghoreshi,0,0,0,0,1,0.0,0.0,
kingmanzhang,0,0,0,0,1,0.0,0.0,
kruzikh,0,0,0,0,1,0.0,0.0,
kwboone,0,0,0,0,1,0.0,0.0,
ky-zo,0,0,0,0,1,0.0,0.0,
kyegomez,0,0,0,0,1,0.0,0.0,
lawrenceadams,0,0,0,0,1,0.0,0.0,
leandromineti,0,0,0,0,1,0.0,0.0,
0794xiaobaozi,0,0,0,0,1,0.0,0.0,
hongyh13,0,0,0,0,1,0.0,0.0,
hl7-devops,0,0,0,0,1,0.0,0.0,
dustn1259,0,0,0,0,1,0.0,0.0,
dgrudinin,0,0,0,0,1,0.0,0.0,
dho937,0,0,0,0,1,0.0,0.0,
dionmcm,0,0,0,0,1,0.0,0.0,
dkayiwa,2091,0,0,0,2,0.0,1045.5,0.0
dogukan10,0,0,0,0,1,0.0,0.0,
dolphin-dev,0,0,0,0,1,0.0,0.0,
dshills,0,0,0,0,2,0.0,0.0,
dsuch,14185,0,0,0,1,0.0,14185.0,0.0
dt-r,0,0,0,0,1,0.0,0.0,
dw,145,0,0,0,1,0.0,145.0,0.0
deoxxa,0,0,0,0,1,0.0,0.0,
ekryski,0,0,0,0,1,0.0,0.0,
emersodb,0,0,0,0,1,0.0,0.0,
emichaud998,0,0,0,0,1,0.0,0.0,
erayhanoglu,0,0,0,0,1,0.0,0.0,
ericaVoss,0,0,0,0,2,0.0,0.0,
ericaaaaaaaa,0,0,0,0,1,0.0,0.0,
ericpan64,0,0,0,0,2,0.0,0.0,
erikhoward,0,0,0,0,1,0.0,0.0,
eroell,0,0,0,0,1,0.0,0.0,
dgrinberg,0,0,0,0,1,0.0,0.0,
dcarbone,0,0,0,0,2,0.0,0.0,
hkamran80,0,0,0,0,1,0.0,0.0,
cviddenKwantum,0,0,0,0,1,0.0,0.0,
code-for-papers,0,0,0,0,1,0.0,0.0,
codyebberson,0,0,0,0,1,0.0,0.0,
confused-moniker,0,0,0,0,1,0.0,0.0,
copybara-github,0,0,0,0,1,0.0,0.0,
cragun47,0,0,0,0,1,0.0,0.0,
csande,0,0,0,0,2,0.0,0.0,
csinva,0,0,0,0,1,0.0,0.0,
cskyan,0,0,0,0,1,0.0,0.0,
csmariano,0,0,0,0,1,0.0,0.0,
cylien,0,0,0,0,1,0.0,0.0,
dbooth-boston,0,0,0,0,1,0.0,0.0,
czajkub,0,0,0,0,1,0.0,0.0,
damoodamoo,0,0,0,0,1,0.0,0.0,
dandalavinod,0,0,0,0,1,0.0,0.0,
danygammall,0,0,0,0,2,0.0,0.0,
dataground,0,0,0,0,1,0.0,0.0,
dave92082,0,0,0,0,1,0.0,0.0,
davebronson,0,0,0,0,1,0.0,0.0,
dbabjaxy,0,0,0,0,1,0.0,0.0,
dbbnicole,0,0,0,0,1,0.0,0.0,
etanb,906,0,0,0,1,0.0,906.0,0.0
etobella,0,0,0,0,1,0.0,0.0,
eug48,0,0,0,0,1,0.0,0.0,
gotdan,0,0,0,0,4,0.0,0.0,
ghira,0,0,0,0,1,0.0,0.0,
gigony,0,0,0,0,1,0.0,0.0,
gitpushpray1,0,0,0,0,1,0.0,0.0,
giuliabaldini,0,0,0,0,1,0.0,0.0,
glee4810,0,0,0,0,1,0.0,0.0,
glory-kasongo-03,0,0,0,0,1,0.0,0.0,
gmertes,0,0,0,0,1,0.0,0.0,
gmickel,0,0,0,0,1,0.0,0.0,
gml16,0,0,0,0,1,0.0,0.0,
gpfinley,0,0,0,0,1,0.0,0.0,
eugenekogan-spb,0,0,0,0,1,0.0,0.0,
halprin,0,0,0,0,1,0.0,0.0,
hansenms,0,0,0,0,3,0.0,0.0,
hari-kartha,0,0,0,0,1,0.0,0.0,
harshalmore31,0,0,0,0,1,0.0,0.0,
harshthakkar2603,0,0,0,0,1,0.0,0.0,
havakv,0,0,0,0,1,0.0,0.0,
heathfrankel,0,0,0,0,1,0.0,0.0,
hhund,0,0,0,0,1,0.0,0.0,
hitgeek,0,0,0,0,1,0.0,0.0,
gematik1,0,0,0,0,1,0.0,0.0,
gem-lat,0,0,0,0,1,0.0,0.0,
gdelfiol,0,0,0,0,1,0.0,0.0,
gcangioli,0,0,0,0,1,0.0,0.0,
evachen96,0,0,0,0,1,0.0,0.0,
evan-gordon,0,0,0,0,1,0.0,0.0,
evanlucas,0,0,0,0,1,0.0,0.0,
evbaron,0,0,0,0,1,0.0,0.0,
ewoutkramer,0,0,0,0,1,0.0,0.0,
fepegar,0,0,0,0,1,0.0,0.0,
fernandojsg,0,0,0,0,1,0.0,0.0,
firechicago,0,0,0,0,1,0.0,0.0,
flekschas,0,0,0,0,1,0.0,0.0,
florianschoffke,0,0,0,0,1,0.0,0.0,
flovogt,0,0,0,0,1,0.0,0.0,
fongsean,0,0,0,0,1,0.0,0.0,
fox1t,0,0,0,0,1,0.0,0.0,
friedow,0,0,0,0,1,0.0,0.0,
frisbm,0,0,0,0,1,0.0,0.0,
gabrielbmotta,1326,0,0,0,1,0.0,1326.0,0.0
gangcai,0,0,0,0,1,0.0,0.0,
gasperr,0,0,0,0,1,0.0,0.0,
gbowlin,0,0,0,0,1,0.0,0.0,
zzachw,0,0,0,0,1,0.0,0.0,
